Time,Time Code,Country Name,Country Code,"Literacy rate, adult total (% of people ages 15 and above) [SE.ADT.LITR.ZS]","Literacy rate, youth total (% of people ages 15-24) [SE.ADT.1524.LT.ZS]","School enrollment, primary (% gross) [SE.PRM.ENRR]","School enrollment, secondary (% gross) [SE.SEC.ENRR]","School enrollment, tertiary (% gross) [SE.TER.ENRR]","Primary completion rate, total (% of relevant age group) [SE.PRM.CMPT.ZS]",Children out of school (% of primary school age) [SE.PRM.UNER.ZS],"Pupil-teacher ratio, primary [SE.PRM.ENRL.TC.ZS]",Trained teachers in primary education (% of total teachers) [SE.PRM.TCAQ.ZS],"Government expenditure on education, total (% of GDP) [SE.XPD.TOTL.GD.ZS]","School enrollment, primary (gross), gender parity index (GPI) [SE.ENR.PRIM.FM.ZS]"
2015,YR2015,Algeria,DZA,..,..,109.584787441309,..,38.2444735695552,98.4612319244171,0.410926282137215,23.83613,100,6.17633014564047,0.952300012111664
2015,YR2015,Angola,AGO,66.2399978637695,75.6600036621094,120.580276489258,..,8.78320868033121,..,..,50.02951,..,3.48689580393413,0.874130010604858
2015,YR2015,Botswana,BWA,..,..,101.623352050781,..,26.8692925538756,..,..,23.71279,..,8.39457941644674,0.977760016918182
2015,YR2015,Burkina Faso,BFA,..,..,85.1484827713554,32.8931343608996,4.90356866333498,60.3448419249273,32.4978506858145,42.17715,85.4200102840582,3.67008996009827,0.974439978599548
2015,YR2015,Burundi,BDI,..,..,116.228128078144,43.9351929825496,5.25856537918645,60.0952306625293,11.0972663089659,43.22109,100,6.37133979797363,1.02955996990204
2015,YR2015,Cabo Verde,CPV,86.7900009155273,98.1100006103516,105.850444928795,96.6012286324786,22.524027665499,101.218274111675,4.86389931335114,21.94779,..,4.80622005462646,0.931389987468719
2015,YR2015,Cameroon,CMR,..,..,117.753568320161,60.4960883608074,17.2970758627753,75.7092958263025,4.77418107009732,41.46571,..,2.65791010856628,0.898259997367859
2015,YR2015,Central African Republic,CAF,..,..,..,..,..,..,..,..,..,1.9102285875012,..
2015,YR2015,Chad,TCD,..,..,87.9123364402014,22.2454248795188,3.22750677590433,37.424288370008,23.8205570675957,55.54179,..,2.34283149521162,0.766359984874725
2015,YR2015,Comoros,COM,..,..,..,..,..,..,..,..,..,2.5450599193573,..
2015,YR2015,"Congo, Dem. Rep.",COD,..,..,102.056510925293,42.1804618835449,..,65.5622177124023,..,33.19793,..,2.17043995857239,0.992659986019135
2015,YR2015,"Congo, Rep.",COG,..,..,..,..,..,..,..,..,..,3.13882994651794,1.01142454147339
2015,YR2015,Cote d'Ivoire,CIV,..,..,85.262803745883,43.9865647318392,8.46433224598306,60.3254551191519,27.2279251430508,42.0505,100,3.49412989616394,0.880309998989105
2015,YR2015,Djibouti,DJI,..,..,..,..,..,..,..,33.02204,100,3.59895992279053,1.07193005084991
2015,YR2015,"Egypt, Arab Rep.",EGY,..,..,..,..,32.8848991394043,..,..,..,..,..,..
2015,YR2015,Equatorial Guinea,GNQ,..,..,47.5486488342285,..,..,32.635799407959,65.5965194702148,23.22706,37.2295417785645,..,0.994090020656586
2015,YR2015,Eritrea,ERI,..,..,82.3669509887695,46.171501159668,3.51574993133545,61.7682800292969,34.2993698120117,43.33621,..,..,0.861720025539398
2015,YR2015,Eswatini,SWZ,..,..,124.645792886943,76.2872772216797,..,91.6732453667155,11.5380643562311,27.58272,82.0840950639854,5.35494723006471,0.909070014953613
2015,YR2015,Ethiopia,ETH,..,..,94.0857534729235,33.9114221981431,..,51.4317405151101,20.2170982673994,..,..,4.73791868878759,0.908510029315948
2015,YR2015,Gabon,GAB,..,..,..,..,..,..,..,..,..,2.82435985823512,..
2015,YR2015,"Gambia, The",GMB,50.7799987792969,67.1600036621094,83.6767800021667,..,..,62.8059091331413,29.4556407928467,37.14288,85.8137180460643,2.16002988815308,1.06764996051788
2015,YR2015,Ghana,GHA,60.1981035367761,80.5782617320423,103.213138177351,67.0486566518056,15.5618871637579,94.2659750407999,..,31.25587,54.6945180237245,4.43404006958008,0.999639987945557
2015,YR2015,Guinea-Bissau,GNB,..,..,..,..,..,..,..,..,..,..,..
2015,YR2015,Guinea,GIN,..,..,..,..,..,..,..,..,75.6872634887695,2.51713991165161,0.813708543777466
2015,YR2015,Kenya,KEN,..,..,104.780090332031,72.5750860661828,9.25319496188721,101.341661933882,..,30.65055,..,4.74349021911621,0.999469995498657
2015,YR2015,Lesotho,LSO,..,..,105.217264805575,59.3985096286536,9.72517754374624,76.4006686064508,16.6599263903638,33.08664,79.1582794189453,7.64272055728181,0.950119972229004
2015,YR2015,Liberia,LBR,..,..,89.990046454263,36.3728485107422,..,..,13.6138734282405,30.44637,46.9771787001201,2.11587468207978,0.899469971656799
2015,YR2015,Libya,LBY,..,..,..,..,..,..,..,..,..,..,..
2015,YR2015,Madagascar,MDG,..,..,138.833200771878,36.1207695007324,4.65904652237845,65.2345304797771,2.09567436011574,41.1927,15.0726392251816,2.21011996269226,0.999729990959167
2015,YR2015,Malawi,MWI,..,..,139.547593190997,39.7291461793841,0.809801002249246,..,..,69.50969,..,3.85398006439209,1.02040994167328
2015,YR2015,Mali,MLI,33.0699996948242,49.3699989318848,70.5209747052129,38.9892238642006,5.12750941173932,47.4061323474545,43.43178463111,42.70695,..,3.19690990447998,0.897539973258972
2015,YR2015,Mauritania,MRT,65.1100006103516,81.4199981689453,96.699365333097,31.196307538775,5.88425001273035,67.0313779818184,24.5683180028089,35.81193,..,2.82956598871445,1.04895997047424
2015,YR2015,Morocco,MAR,..,..,106.046255203021,..,28.5519130573154,95.6674536644757,10.3631187017355,25.88159,100,5.133369043677,0.950020015239716
2015,YR2015,Mozambique,MOZ,56.0400009155273,70.5299987792969,114.82837357539,34.5285606384277,6.73181717702859,52.2464788207867,2.75620945446678,54.66026,93.2438690079277,5.91515660575298,0.908519983291626
2015,YR2015,Namibia,NAM,..,..,124.629282782131,78.2608012276393,19.6551504993361,94.1523419114856,1.39768723642356,..,87.4219446922391,9.8507685020388,0.958063304424286
2015,YR2015,Niger,NER,..,..,70.8931423850977,19.6922012498743,3.24257822413642,..,38.1200774873051,36.6289,55.523595505618,4.48669004440308,0.84672999382019
2015,YR2015,Nigeria,NGA,..,..,25.5657563073792,43.8246917724609,..,..,..,..,..,0.436954905120644,0.937149107456207
2015,YR2015,Rwanda,RWA,..,88.5500030517578,137.243191055886,39.4099042857311,7.53124856448318,63.1980644451776,..,58.34317,93.924532793715,3.64713001251221,1.01361000537872
2015,YR2015,Sao Tome and Principe,STP,..,..,107.803779602051,82.4009170532227,12.8210802078247,..,9.16201972961426,38.77644,34.3511505126953,4.69794988632202,0.961290001869202
2015,YR2015,Senegal,SEN,43.5900001525879,61.2900009155273,84.8970794677734,50.5380516052246,10.8409366679467,58.1250429122667,24.2552354734048,32.09004,68.3398247322298,5.45634984970093,1.11953997612
2015,YR2015,Seychelles,SYC,..,..,119.9411921946,92.0911695105244,16.4973007303906,123.267750213858,..,13.72171,83.6391437308868,4.91460990905762,1.03042995929718
2015,YR2015,Sierra Leone,SLE,49.4000015258789,67.8899993896484,120.700737828928,39.8463706970215,..,61.2581856379769,0.888260006904602,33.75042,53.8222961069895,3.21786273563993,1.01415002346039
2015,YR2015,"Somalia, Fed. Rep.",SOM,..,..,..,..,..,..,..,..,..,..,..
2015,YR2015,South Africa,ZAF,94.370002746582,98.9599990844727,107.31211891045,104.622812990742,19.0332949537661,91.3366137480997,4.91304016113281,30.3322,..,5.48285007476807,0.933380007743835
2015,YR2015,South Sudan,SSD,..,..,70.3178024291992,11.5348100662231,..,..,63.7374687194824,46.75029,..,1.46555995941162,0.707799971103668
2015,YR2015,Sudan,SDN,..,..,67.6649703979492,42.5230712890625,15.8645696640015,55.0168800354004,47.2944793701172,..,..,..,0.913160026073456
2015,YR2015,Tanzania,TZA,77.8899993896484,85.7600021362305,84.2207717895508,26.090669631958,3.98361077132501,64.0960613008478,19.5356292724609,..,..,4.19486548285076,1.05458998680115
2015,YR2015,Togo,TGO,63.75,84.2900009155273,125.602691931749,..,10.8146472215817,..,7.74081270988802,44.20973,73.3292024431265,3.71096992492676,0.951550006866455
2015,YR2015,Tunisia,TUN,..,..,106.851280212402,85.7816009521484,33.373851776123,98.2824172973633,0.906719982624054,15.79669,100,6.22044992446899,1.00042998790741
2015,YR2015,Uganda,UGA,..,..,104.249229431152,..,..,..,..,42.9168,..,2.32152009010315,1.02101004123688
2015,YR2015,Zambia,ZMB,..,..,103.413818253854,..,..,..,..,42.74181,..,4.62433004379272,1.00302004814148
2015,YR2015,Zimbabwe,ZWE,..,..,97.2290747819179,..,11.0489020370076,89.236268331531,18.7499599456787,..,93.8645566922421,..,0.979740023612976
2015,YR2015,Benin,BEN,..,..,121.990882873535,55.1333084106445,12.4851799011231,75.4117202758789,..,45.04478,69.09716796875,3.17298007011414,0.930239975452423
2015,YR2015,Mauritius,MUS,92.7099990844727,..,97.1186716587986,93.9681984718368,37.760738643162,96.0859919712656,5.28578678744817,18.82093,100,4.75847005844116,1.01762998104095
2016,YR2016,Algeria,DZA,..,..,109.072307418092,..,43.9040620880927,100.006384928006,0.471027879810881,24.2355,100,6.50210843472458,0.949720025062561
2016,YR2016,Angola,AGO,..,..,..,54.4167987304753,9.78287696232453,..,..,..,..,2.75493664582725,0.903363227844238
2016,YR2016,Botswana,BWA,..,..,..,..,22.6605855291776,..,..,..,..,8.73589296358928,..
2016,YR2016,Burkina Faso,BFA,..,..,87.4065255935815,34.9336280775566,5.40541465878063,60.1264533975278,27.2310340505434,41.54927,73.1937293920287,..,0.978280007839203
2016,YR2016,Burundi,BDI,65.6900024414062,84.3600006103516,112.482124155559,47.4715342848197,3.97908916361797,61.990361853496,12.6695757119224,49.66066,100,4.69199991226196,1.02292001247406
2016,YR2016,Cabo Verde,CPV,..,..,104.433854930994,98.2528458088996,23.6934975221505,95.7498237486152,5.21048032054347,21.4778,93.2554257095159,4.75475978851318,0.932200014591217
2016,YR2016,Cameroon,CMR,..,..,117.173043298412,61.4037045147156,12.7046554004596,74.3193827099685,4.33245409481167,42.73541,..,2.56234002113342,0.90038001537323
2016,YR2016,Central African Republic,CAF,..,..,96.8125991821289,13.9465503692627,..,38.4804611206055,..,83.41195,..,1.75408898250234,0.780099987983704
2016,YR2016,Chad,TCD,22.3099994659424,30.7900009155273,82.5545773262248,22.530490847167,..,40.3789128090146,30.1148001004133,56.88788,..,2.38847586229946,0.768679976463318
2016,YR2016,Comoros,COM,..,..,..,..,..,..,..,..,..,..,0.961900770664215
2016,YR2016,"Congo, Dem. Rep.",COD,77.0400009155273,84.9899978637695,..,..,5.9003701210022,..,..,..,..,2.1186900138855,..
2016,YR2016,"Congo, Rep.",COG,..,..,..,..,..,..,..,..,..,4.87114096878621,..
2016,YR2016,Cote d'Ivoire,CIV,50.0400009155273,62.9900016784668,87.9691851681795,46.2425069943643,8.89557845705252,63.9062691491088,20.1686513051337,42.50102,100,3.93593001365662,0.896179974079132
2016,YR2016,Djibouti,DJI,..,..,..,..,..,..,..,31.09517,..,3.92226004600525,1.06729996204376
2016,YR2016,"Egypt, Arab Rep.",EGY,..,..,90.1130487612999,75.7524086692863,31.8731307983398,84.3103280366888,11.3179491963622,23.07766,74.0687847709921,..,1.00066995620728
2016,YR2016,Equatorial Guinea,GNQ,..,..,..,..,..,..,..,..,..,..,..
2016,YR2016,Eritrea,ERI,..,..,..,..,3.20262002944946,..,..,..,..,..,0.868516206741333
2016,YR2016,Eswatini,SWZ,..,..,123.849988082778,82.023935767308,..,98.4798562228546,10.5322334946476,27.27385,66.8758557736193,5.43355309210979,0.918160021305084
2016,YR2016,Ethiopia,ETH,47.4900016784668,71.7900009155273,..,..,..,..,..,..,..,5.06151399998447,0.907353699207306
2016,YR2016,Gabon,GAB,..,..,..,..,..,..,..,..,..,2.66773089670199,..
2016,YR2016,"Gambia, The",GMB,..,..,85.4968152866242,..,..,64.4080700418729,27.8532262531155,..,..,2.0244300365448,1.07556998729706
2016,YR2016,Ghana,GHA,..,..,101.751107525308,67.2644101341977,15.606270735823,..,0.242064536944613,30.5794,56.0447656469267,4.3945198059082,1.01233994960785
2016,YR2016,Guinea-Bissau,GNB,..,..,..,..,..,..,..,..,..,..,..
2016,YR2016,Guinea,GIN,..,..,93.1132583618164,..,..,61.9326400756836,20.5438709259033,47.14862,75.3609313964844,2.54450011253357,0.819310009479523
2016,YR2016,Kenya,KEN,..,..,104.114852905273,74.4698594945796,11.6347883294504,102.200240064297,..,..,..,4.89518022537231,1.00370001792908
2016,YR2016,Lesotho,LSO,97.2699966430664,98.2600021362305,104.249373647237,56.8386993408203,..,78.5925743184902,16.1505096069654,33.75653,86.525685412183,7.55247411216023,0.950150012969971
2016,YR2016,Liberia,LBR,..,..,83.8891158492465,..,..,60.858697742073,20.3932632474057,21.52359,100,2.11479684223088,0.993110001087189
2016,YR2016,Libya,LBY,..,..,..,..,..,..,..,..,..,..,..
2016,YR2016,Madagascar,MDG,..,..,134.676592456536,36.0765113830566,4.6583858057243,64.1734807077696,2.86686559215041,40.606,14.8668159635652,2.68719005584717,1.00178003311157
2016,YR2016,Malawi,MWI,..,..,137.823026920131,38.1843681335449,..,..,..,..,..,3.28257989883423,1.02665996551514
2016,YR2016,Mali,MLI,..,..,71.8693090094813,40.0999948578594,..,47.4221715789923,42.0714618375195,39.08605,..,2.59244990348816,0.882719993591309
2016,YR2016,Mauritania,MRT,..,..,88.6641926490124,32.187587041888,5.56245834327609,..,32.7170404969266,36.36696,..,1.94405996799469,1.06181001663208
2016,YR2016,Morocco,MAR,..,..,105.897808666144,..,32.0952579243239,93.8368562372231,8.26307675903486,26.59118,100,5.08530197423073,0.954039990901947
2016,YR2016,Mozambique,MOZ,..,..,113.687876415561,..,7.34197304077013,..,4.48894889129453,53.60539,95.1432626630001,5.80086994171143,0.920229971408844
2016,YR2016,Namibia,NAM,88.1304979203867,94.7648317505544,124.182705227995,79.2606097203135,21.4367036193,96.1616034552143,1.56804406309793,..,86.3321700326106,10.5927948535144,0.961731910705566
2016,YR2016,Niger,NER,..,..,72.8476843361488,22.6700395113082,3.45043638449437,70.581597141664,36.9356599791222,36.2582,55.6421043862207,2.95843005180359,0.853169977664948
2016,YR2016,Nigeria,NGA,58.2200012207031,72.9599990844727,78.8780517578125,39.3068084716797,..,..,..,..,..,0.393045646249364,0.942709982395172
2016,YR2016,Rwanda,RWA,..,..,140.620022753129,38.506238583342,7.57807264441764,67.7449990888319,0.804643405458542,58.45684,..,3.43482995033264,0.99879002571106
2016,YR2016,Sao Tome and Principe,STP,..,..,108.677742004395,83.8791198730469,..,79.6282196044922,..,32.15018,31.0954093933106,6.11515998840332,0.957469999790192
2016,YR2016,Senegal,SEN,46.0999984741211,64.5199966430664,..,..,10.8875992426245,..,..,31.74299,..,5.11309003829956,1.09642195701599
2016,YR2016,Seychelles,SYC,..,..,126.219170403587,101.712798026857,25.6358902463449,128.523769808174,..,13.98602,82.9192546583851,4.0213098526001,1.03249001502991
2016,YR2016,Sierra Leone,SLE,..,..,123.03165757627,42.1386795043945,..,71.2324444444444,..,37.33182,..,1.84832000732422,1.01101005077362
2016,YR2016,"Somalia, Fed. Rep.",SOM,..,..,..,..,..,..,..,..,..,..,..
2016,YR2016,South Africa,ZAF,91.7399978637695,96.7099990844727,103.418217474354,103.855987548828,18.9292980324153,90.274209979999,..,..,..,5.4442400932312,0.968039989471436
2016,YR2016,South Sudan,SSD,..,..,..,..,..,..,..,..,..,1.56539228959694,..
2016,YR2016,Sudan,SDN,..,..,69.8550796508789,40.9556007385254,..,55.3826217651367,45.5427894592285,..,..,..,0.93247002363205
2016,YR2016,Tanzania,TZA,..,..,85.2800976460579,25.6429992626308,3.72893939925404,61.0601160776836,15.4571199417114,41.76673,99.1959541456952,4.10196721791864,1.04656004905701
2016,YR2016,Togo,TGO,..,..,121.476913528699,..,12.0913340463942,92.9958056836299,10.7183198928833,41.39676,..,3.6624801158905,0.951659977436066
2016,YR2016,Tunisia,TUN,..,..,106.044746398926,90.3264236450195,31.2128105163574,93.2920303344727,1.04528999328613,16.18367,100,..,1.00265002250671
2016,YR2016,Uganda,UGA,69.0999984741211,79.7799987792969,106.540283203125,..,..,55.0362396240234,..,42.72062,..,2.13789010047913,1.03222000598907
2016,YR2016,Zambia,ZMB,..,..,99.5715577511118,..,..,..,..,43.31661,..,3.74792003631592,1.02006995677948
2016,YR2016,Zimbabwe,ZWE,..,..,95.7340946958404,..,..,88.9178597430998,17.6851005554199,..,97.2199972379506,..,0.983410000801086
2016,YR2016,Benin,BEN,..,..,120.301116943359,55.2945899963379,11.9529895782471,74.7715225219727,3.03196001052856,41.63992,70.4166107177734,2.89910006523132,0.936269998550415
2016,YR2016,Mauritius,MUS,93.1600036621094,..,96.7216048032764,94.4362545563892,38.4107692617261,94.6057868129504,5.0050696832939,17.79444,100,4.88207006454468,1.01789999008179
2017,YR2017,Algeria,DZA,..,..,108.062271942986,..,49.177689984383,100.839212211617,0.416762643091073,24.22505,100,5.73482350888796,0.950929999351501
2017,YR2017,Angola,AGO,..,..,..,..,..,..,..,..,..,2.46687881104886,0.928512394428253
2017,YR2017,Botswana,BWA,..,..,..,..,21.4762885165012,..,..,..,..,7.80924443947392,0.980758786201477
2017,YR2017,Burkina Faso,BFA,..,..,89.5118329042903,37.1627510802261,5.8341880408112,61.5863350030506,26.4000565188786,40.68126,85.8375586980079,5.62846994400024,0.984899997711182
2017,YR2017,Burundi,BDI,68.379997253418,88.2200012207031,107.55418011941,48.2243487332289,4.30528005798307,61.3078373641735,16.9222691594483,49.61434,100,4.76202011108398,1.01498997211456
2017,YR2017,Cabo Verde,CPV,..,..,104.154022187951,99.462782259485,24.5594648459854,89.5014955134596,5.05447490174618,21.08156,93.4350132625995,4.59278011322021,0.932910025119781
2017,YR2017,Cameroon,CMR,..,..,111.221389894314,..,12.9818161813936,68.703809542579,5.76880979537964,44.61321,81.7680352538752,3.05961990356445,0.900560021400452
2017,YR2017,Central African Republic,CAF,..,..,..,15.8074398040772,..,..,..,..,..,1.75365013911465,0.765718936920166
2017,YR2017,Chad,TCD,..,..,74.213606832584,20.5855678473561,..,36.3982772813495,35.8069689879102,..,..,1.8390200138092,0.757109999656677
2017,YR2017,Comoros,COM,..,..,106.219296865439,56.9502144763063,18.8190281456697,81.1250761308898,8.86785196063006,18.90138,..,..,0.957210004329681
2017,YR2017,"Congo, Dem. Rep.",COD,..,..,..,..,..,..,..,..,..,1.45494997501373,..
2017,YR2017,"Congo, Rep.",COG,..,..,..,..,12.1461896896362,..,..,..,..,4.17235994338989,..
2017,YR2017,Cote d'Ivoire,CIV,..,..,88.2052011132348,49.0863555848622,9.52488768872621,69.0517282328166,20.4103732311075,42.42645,100,3.73654007911682,0.911790013313293
2017,YR2017,Djibouti,DJI,..,79.5520825495239,..,..,..,..,..,30.42105,..,3.73344993591309,1.06237995624542
2017,YR2017,"Egypt, Arab Rep.",EGY,71.1699981689453,88.1900024414062,90.6515125272044,76.4337653082262,33.1018892935221,83.7661313498518,10.5235897011093,23.77693,..,..,1.00267994403839
2017,YR2017,Equatorial Guinea,GNQ,..,..,..,..,..,..,..,..,..,..,..
2017,YR2017,Eritrea,ERI,..,..,78.3494720458984,44.911060333252,..,68.7705307006836,39.3629188537598,39.24553,..,..,0.859449982643127
2017,YR2017,Eswatini,SWZ,..,..,123.79425580389,..,..,100.562907735322,11.2136425960972,26.59621,87.7128136200717,6.177914116856,0.920210003852844
2017,YR2017,Ethiopia,ETH,..,..,101.223991472845,..,..,..,..,..,..,5.49905076025271,0.902628362178802
2017,YR2017,Gabon,GAB,..,..,..,..,..,..,..,..,..,3.55570801059931,..
2017,YR2017,"Gambia, The",GMB,..,..,88.6915742090233,..,..,..,25.354547948005,38.67589,88.1091833351752,2.45919445096525,1.08311998844147
2017,YR2017,Ghana,GHA,64.4899978637695,87.7799987792969,100.478896703055,66.6359450193038,16.2065694246062,89.296060543559,6.84285514537015,27.29644,55.3737751570471,3.53362989425659,1.01010000705719
2017,YR2017,Guinea-Bissau,GNB,..,..,..,..,..,..,..,..,..,..,..
2017,YR2017,Guinea,GIN,..,..,..,..,..,..,..,..,..,2.3203399181366,0.836079776287079
2017,YR2017,Kenya,KEN,..,..,101.957891317521,..,11.8049232142021,..,..,..,..,4.96308994293213,..
2017,YR2017,Lesotho,LSO,..,..,105.559253372505,59.3586515505342,10.3130654092878,..,14.8123389776046,32.94806,..,8.1553201675415,0.949289977550507
2017,YR2017,Liberia,LBR,..,..,79.5952338903314,..,..,57.185249346358,26.4375547197036,22.32254,70.1700154559505,2.66330003738403,0.990890026092529
2017,YR2017,Libya,LBY,..,..,..,..,..,..,..,..,..,..,..
2017,YR2017,Madagascar,MDG,..,..,139.186670285989,34.7709486382629,5.07525058069797,63.4768871286547,2.1948649329421,..,14.8374338393532,2.70137416707567,1.00413024425507
2017,YR2017,Malawi,MWI,72.8266778164735,85.448524595022,139.233233518644,39.6154222954854,..,..,..,..,..,2.76899003982544,1.0315899848938
2017,YR2017,Mali,MLI,..,..,74.6733759399248,38.5485805738327,..,45.9307980826096,37.0019891312597,38.22009,..,3.18063998222351,0.894479990005493
2017,YR2017,Mauritania,MRT,..,..,87.8173094861384,31.7565696757394,5.15614020144375,64.6629350206863,28.8442066497387,36.35033,87.2023107757604,..,1.06634998321533
2017,YR2017,Morocco,MAR,..,..,106.856009139924,78.2157249451868,33.4735433090703,89.8676963839556,7.21811926058377,28.03417,100,4.73564982004448,0.955569982528687
2017,YR2017,Mozambique,MOZ,60.6599998474121,70.9100036621094,111.566194762496,37.2411918640137,7.24573099191356,50.6402609784983,6.52273035333077,52.43683,97.1921582027079,5.48664999008179,0.925230026245117
2017,YR2017,Namibia,NAM,..,..,125.87493234498,79.5334606379175,22.4801755471009,85.138912781749,1.46290504092309,..,86.6132153718551,1.39524534605831,0.962949991226196
2017,YR2017,Niger,NER,..,..,74.3787719289761,23.7611505662509,3.66741981878978,..,33.8299342647926,36.33661,..,2.57818007469177,0.864979982376099
2017,YR2017,Nigeria,NGA,..,..,..,..,..,..,..,..,..,0.396354013591345,0.943077504634857
2017,YR2017,Rwanda,RWA,..,..,139.309946965821,39.6912128982215,7.34488296090452,76.0721783802394,1.15994101585871,57.85938,92.5864346558557,3.1247398853302,0.992640018463135
2017,YR2017,Sao Tome and Principe,STP,..,..,110.377998352051,90.4435729980469,..,85.1492385864258,2.87733006477356,31.15842,27.4098892211914,5.87489986419678,0.967360019683838
2017,YR2017,Senegal,SEN,51.9000015258789,69.4800033569336,..,..,11.3494415127099,..,..,32.81273,..,4.74007987976074,1.10675466060638
2017,YR2017,Seychelles,SYC,..,..,132.235879426397,112.311212814645,42.2082018927445,140.545808966862,..,14.03261,84.0062111801242,3.34617325657655,1.05167996883392
2017,YR2017,Sierra Leone,SLE,44.8300018310547,73.5999984741211,126.863918148513,41.5312194824219,..,71.6892914294423,..,39.43821,63.1726918282365,3.0150101184845,1.01891005039215
2017,YR2017,"Somalia, Fed. Rep.",SOM,..,..,..,..,..,..,..,..,..,..,..
2017,YR2017,South Africa,ZAF,..,..,101.580084478322,105.623168945312,21.0902909603212,..,6.27600002288818,..,..,5.59868001937866,0.966669976711273
2017,YR2017,South Sudan,SSD,..,..,..,..,..,..,..,..,..,..,..
2017,YR2017,Sudan,SDN,..,..,70.3664779663086,43.0903282165527,..,56.8698196411133,43.4814796447754,..,..,..,0.940039992332459
2017,YR2017,Tanzania,TZA,..,..,89.5967210005503,26.3711632016128,4.78205361153138,67.2734642386931,15.0774402618408,47.15284,..,4.43052005767822,1.03473997116089
2017,YR2017,Togo,TGO,60.9537021917226,82.5100021362305,119.405694248485,60.769472220228,12.3068653432672,90.8908436459446,9.2267726664165,40.12613,..,3.76526999473572,0.953949987888336
2017,YR2017,Tunisia,TUN,..,..,105.552917480469,..,30.9277496337891,89.4080505371094,1.06553995609283,16.57185,100,..,0.99575001001358
2017,YR2017,Uganda,UGA,..,..,106.169578552246,..,..,53.3121795654297,..,42.65911,79.5857925415039,2.25362992286682,1.02788996696472
2017,YR2017,Zambia,ZMB,..,..,98.7950035279193,..,..,..,14.8279379928335,42.05996,98.7503041012049,3.72964000701904,1.02419996261597
2017,YR2017,Zimbabwe,ZWE,..,..,94.3341728822186,..,..,87.9318891782794,19.4408798217773,..,97.4158502007243,..,0.992219984531403
2017,YR2017,Benin,BEN,38.8699989318848,58.810001373291,116.291519165039,..,11.337929725647,..,7.11569023132324,43.56977,68.2663497924805,3.53558993339539,0.935029983520508
2017,YR2017,Mauritius,MUS,..,..,96.4786321239223,92.5403344955972,39.6618786560902,91.7583952617757,4.69481132564871,17.93769,100,4.87887001037598,1.01774001121521
2018,YR2018,Algeria,DZA,..,..,107.095121871029,..,52.8819387317527,100.927226302783,0.730036765345809,24.32018,100,5.8127512720176,0.954990029335022
2018,YR2018,Angola,AGO,..,..,..,..,..,..,..,..,..,2.18351298946275,0.936736643314362
2018,YR2018,Botswana,BWA,..,..,..,..,..,..,..,..,..,7.9053860532971,..
2018,YR2018,Burkina Faso,BFA,39.3499984741211,58.8699989318848,91.5019771306419,39.6278467471779,6.31826110291158,62.608203204783,24.4469528214246,39.72173,87.5757312948348,5.488609790802,0.983500003814697
2018,YR2018,Burundi,BDI,..,..,104.256445289133,46.330394174756,4.55281922933846,55.4360093087346,19.624214828447,42.52383,100,5.07863998413086,1.01250004768372
2018,YR2018,Cabo Verde,CPV,..,..,105.84560911247,94.8972015380859,24.2905954414767,88.6209645277003,3.6877442629522,21.07361,98.5540584949063,4.78792270184537,0.934210002422333
2018,YR2018,Cameroon,CMR,72.5500030517578,81.8899993896484,104.334202125375,..,14.5449548868213,64.9830245804076,..,44.83412,..,3.03096008300781,0.901619970798492
2018,YR2018,Central African Republic,CAF,..,..,..,..,..,..,..,..,..,1.56587596817535,..
2018,YR2018,Chad,TCD,..,..,84.3438820337693,20.0021180694774,..,38.7806910048441,30.1838629876176,..,..,2.25947501392013,0.777830004692078
2018,YR2018,Comoros,COM,..,..,107.061915636176,61.7014685443494,..,..,11.9401956137705,28.05781,..,..,0.998350024223328
2018,YR2018,"Congo, Dem. Rep.",COD,73.5500030517578,84.0699996948242,111.488670349121,..,..,..,..,..,91.9996490478516,..,0.938539981842041
2018,YR2018,"Congo, Rep.",COG,..,..,87.4621124267578,..,..,..,21.2425899505615,..,..,2.77167010307312,0.972339987754822
2018,YR2018,Cote d'Ivoire,CIV,..,..,88.210939705148,51.072614509286,..,68.5260195484655,17.0757385775597,41.8223,100,3.21164989471436,0.926440000534058
2018,YR2018,Djibouti,DJI,..,..,..,..,..,..,..,29.37453,100,3.75143003463745,1.02350997924805
2018,YR2018,"Egypt, Arab Rep.",EGY,..,..,92.6909066089532,76.9816189396849,36.1230010986328,86.5582045319816,8.10563926561859,23.67945,82.7154990776031,..,1.0039199590683
2018,YR2018,Equatorial Guinea,GNQ,..,..,..,..,..,..,..,..,..,..,..
2018,YR2018,Eritrea,ERI,..,..,78.7916488647461,46.1723785400391,..,68.1389999389648,39.3790397644043,38.74092,84.4594573974609,..,0.857460021972656
2018,YR2018,Eswatini,SWZ,..,..,123.906487641965,..,..,100.873541000669,9.62980771743505,..,..,5.73687354676617,0.922640025615692
2018,YR2018,Ethiopia,ETH,..,..,..,..,..,..,..,..,..,5.22011189522399,0.900771856307983
2018,YR2018,Gabon,GAB,..,..,..,..,..,..,..,..,..,3.071542956299,..
2018,YR2018,"Gambia, The",GMB,53.1599998474121,71.0800018310547,91.4803276676529,..,..,69.348040382066,23.6451851290903,36.13813,100,2.36543989181519,1.09420001506805
2018,YR2018,Ghana,GHA,..,..,98.6813906905268,68.2222557975165,15.9045597520982,88.8965895894549,8.17129370301409,27.24556,60.4105535539625,3.8861300945282,1.01215994358063
2018,YR2018,Guinea-Bissau,GNB,..,..,..,..,..,..,..,..,..,..,..
2018,YR2018,Guinea,GIN,39.6199989318848,53.939998626709,..,..,..,..,..,..,..,2.38432002067566,0.843308448791504
2018,YR2018,Kenya,KEN,..,..,99.770420205161,..,..,..,..,..,..,5.10761976242065,..
2018,YR2018,Lesotho,LSO,86.2399978637695,95.1900024414062,96.0052004309251,..,9.93844298033582,92.3154787009701,20.19961306989,..,87.5134342940889,7.28360986709595,0.950330018997192
2018,YR2018,Liberia,LBR,..,..,..,..,..,..,..,..,..,2.50391006469727,..
2018,YR2018,Libya,LBY,..,..,..,..,..,..,..,..,..,..,..
2018,YR2018,Madagascar,MDG,76.6800003051758,79.8499984741211,132.689298160896,34.6266095687665,5.11877849200791,61.5795294043496,2.40325755501574,39.81169,14.7079780829996,2.84409999847412,1.00731003284454
2018,YR2018,Malawi,MWI,76.7200012207031,87.6399993896484,136.723876953125,38.8324397802949,1.6942403485732,..,..,58.67919,..,3.32295989990234,1.00899004936218
2018,YR2018,Mali,MLI,35.4700012207031,50.1300010681152,70.3689604909815,37.9832691019192,..,..,45.072078704834,37.82669,..,2.98218989372253,0.901000022888184
2018,YR2018,Mauritania,MRT,..,..,90.2193039220816,35.5293425627344,5.13275480775448,69.8224371582727,27.4673756502152,34.27814,91.195856873823,..,1.05808997154236
2018,YR2018,Morocco,MAR,..,..,108.263128143079,78.470919593794,35.319186358341,89.4482407222167,5.12410020184331,26.80065,100,4.96022713486949,0.960389971733093
2018,YR2018,Mozambique,MOZ,..,..,115.270990181058,..,7.4630510423433,55.8399274874743,3.42923909105373,55.27379,97.246153457467,5.38976001739502,0.928269982337952
2018,YR2018,Namibia,NAM,88.2832376600657,92.8126839385648,124.591680749168,78.8626899009705,23.7001690404035,94.4342252210782,1.47252992503454,25.09173,89.5870834015164,8.88112249415185,0.966520011425018
2018,YR2018,Niger,NER,33.0499992370605,45.5299987792969,..,..,4.33801956751366,..,..,..,61.6092787241754,3.44956994056702,0.864385008811951
2018,YR2018,Nigeria,NGA,..,..,81.6278513667331,40.4885292053223,..,..,..,..,62.1766699978874,0.419998493796127,0.977930009365082
2018,YR2018,Rwanda,RWA,73.2200012207031,86.4899978637695,137.129353849659,41.1796940634956,6.76094647714264,84.2233360485587,1.38027317370268,59.50859,94.4002091602691,3.07376003265381,0.986310005187988
2018,YR2018,Sao Tome and Principe,STP,..,..,..,..,..,..,..,..,..,5.62454986572266,..
2018,YR2018,Senegal,SEN,46.6100006103516,65.9599990844727,..,..,12.4178375059947,..,..,36.31817,..,5.11019992828369,1.11765468120575
2018,YR2018,Seychelles,SYC,..,..,123.720432981425,108.274060095805,38.8581314878893,128.931364031277,..,14.48826,84.9765258215963,3.59446940668662,1.05868005752563
2018,YR2018,Sierra Leone,SLE,48.8143667728528,77.1263227646003,114.58023823864,43.119270324707,..,83.0463618222911,..,27.52246,60.9166532711783,4.46809005737305,1.03486001491547
2018,YR2018,"Somalia, Fed. Rep.",SOM,..,..,..,..,..,..,..,..,..,4.00990834307E-06,..
2018,YR2018,South Africa,ZAF,..,..,100.424313489355,101.399612936693,22.3515425184231,92.4496153244785,9.30520092526825,..,..,5.64401006698608,0.961589992046356
2018,YR2018,South Sudan,SSD,..,..,..,..,..,..,..,..,..,..,..
2018,YR2018,Sudan,SDN,..,..,72.0317687988281,42.1366996765137,..,58.9140090942383,38.7525405883789,..,..,..,0.93164998292923
2018,YR2018,Tanzania,TZA,..,..,94.9840282240997,28.5933897410534,4.27996511118124,67.5348797150181,16.9341122677855,50.63304,..,3.69962000846863,1.02605998516083
2018,YR2018,Togo,TGO,..,..,117.836324490464,..,12.9031599603185,87.8468202323446,9.66898199219433,40.14504,..,4.09162998199463,0.964450001716614
2018,YR2018,Tunisia,TUN,79.4800033569336,97.9800033569336,105.109878540039,..,30.9594707489014,..,1.09092998504639,16.87168,100,..,0.991370022296906
2018,YR2018,Uganda,UGA,..,..,..,..,..,..,..,..,..,2.13052010536194,..
2018,YR2018,Zambia,ZMB,71.129997253418,77.6900024414062,..,..,..,..,..,..,..,4.73973989486694,..
2018,YR2018,Zimbabwe,ZWE,..,..,93.755201992062,..,..,87.8698591326578,18.7645606994629,..,97.1384046778464,..,0.996640026569366
2018,YR2018,Benin,BEN,..,..,111.805068969727,..,11.5739097595215,..,9.97799968719482,39.19712,70.4254608154297,2.93161988258362,0.937330007553101
2018,YR2018,Mauritius,MUS,..,..,96.4493985496331,91.4171358592572,40.4078098261963,95.7337278106509,2.43054808375116,16.19841,100,4.67447996139526,1.02710998058319
2019,YR2019,Algeria,DZA,..,..,106.067513980116,..,53.8645018203122,97.5394672160368,1.91476876420127,..,100,5.57536563446523,0.958090007305145
2019,YR2019,Angola,AGO,..,..,..,..,..,..,..,..,..,2.07306438181603,..
2019,YR2019,Botswana,BWA,..,..,..,..,21.4965480211896,..,..,..,..,8.3989966033446,..
2019,YR2019,Burkina Faso,BFA,29.6599998474121,47.0499992370605,89.7861564043823,40.0770460332282,6.90532594926159,61.6091078457616,25.7999178709986,..,88.5932531705712,5.45615632520251,0.994759976863861
2019,YR2019,Burundi,BDI,..,..,101.506122486696,41.8352417514484,..,51.6197565455252,21.1397608899175,..,100,5.34668445378401,1.01482999324799
2019,YR2019,Cabo Verde,CPV,..,..,105.208665983159,95.2902285572104,..,102.603693611868,3.77161873707918,..,98.9007436146136,4.16528987884521,0.942239999771118
2019,YR2019,Cameroon,CMR,..,..,106.75480128827,..,15.0528614131463,66.0216269788872,7.45523023605347,..,..,3.0473994932468,0.901210010051727
2019,YR2019,Central African Republic,CAF,42.439998626709,50.5999984741211,..,..,..,..,..,..,..,1.76792074637361,..
2019,YR2019,Chad,TCD,30.6299991607666,45.1300010681152,83.264215851602,20.192877474143,..,..,31.0593254637437,..,..,2.37245795383591,0.778240025043488
2019,YR2019,Comoros,COM,..,..,..,..,..,..,..,..,..,..,..
2019,YR2019,"Congo, Dem. Rep.",COD,..,..,..,..,..,..,..,..,..,..,..
2019,YR2019,"Congo, Rep.",COG,..,..,..,..,..,..,..,..,..,3.24716413970868,..
2019,YR2019,Cote d'Ivoire,CIV,56.9592400560829,68.1179517411164,88.4747670564693,53.791930617454,10.3256981639741,70.0887402010121,16.2086093922531,..,100,3.4130699634552,0.940569996833801
2019,YR2019,Djibouti,DJI,..,..,..,..,..,..,..,..,..,..,0.995700001716614
2019,YR2019,"Egypt, Arab Rep.",EGY,..,..,94.2500854039165,77.9093978841525,33.622825887244,88.7223371866174,6.10135668597562,..,84.6417520625026,..,1.00809001922607
2019,YR2019,Equatorial Guinea,GNQ,..,..,..,..,..,..,..,..,..,..,..
2019,YR2019,Eritrea,ERI,..,..,..,..,..,..,..,..,..,..,0.860393106937408
2019,YR2019,Eswatini,SWZ,..,..,123.596847259682,..,..,96.5940608705299,8.4595040456676,..,..,5.69914824136892,0.922559976577759
2019,YR2019,Ethiopia,ETH,55.0499992370605,79.0500030517578,..,..,..,..,..,..,..,4.48086946127054,0.902289211750031
2019,YR2019,Gabon,GAB,..,..,100.171603677222,70.2639966402203,..,..,28.7633020707587,..,91.9524462734339,2.87430983233369,0.967231214046478
2019,YR2019,"Gambia, The",GMB,..,..,95.0965771907399,..,..,73.6555446516192,20.2548339318684,..,87.8140454995054,2.80809703332656,1.10830998420715
2019,YR2019,Ghana,GHA,..,..,99.8750321985622,71.1877006008423,17.3607250095097,93.8322499399433,5.51481162263524,26.99486,61.5380964247149,3.15307114842573,1.01385998725891
2019,YR2019,Guinea-Bissau,GNB,54.8800010681152,75.3199996948242,..,..,..,..,..,..,..,..,..
2019,YR2019,Guinea,GIN,..,..,..,..,..,..,..,..,..,1.85811996459961,0.838948607444763
2019,YR2019,Kenya,KEN,..,..,77.5132254988803,..,10.4975595474243,..,..,..,100,5.37359210998097,0.970903754234314
2019,YR2019,Lesotho,LSO,92.3961659464955,97.4673332752461,91.2787382569656,..,..,80.3683287396642,22.8527615852612,..,92.7793583832042,..,0.951355755329132
2019,YR2019,Liberia,LBR,..,..,..,..,..,..,..,..,..,2.16508193926132,..
2019,YR2019,Libya,LBY,..,..,..,..,..,..,..,..,..,..,..
2019,YR2019,Madagascar,MDG,..,..,124.946579330031,32.8161749019587,5.28586006164551,59.0331868380322,..,..,15.2689717250037,3.01338389897728,1.01724004745483
2019,YR2019,Malawi,MWI,..,..,139.274520404398,35.5212672502146,..,76.5650195834699,..,..,..,..,1.02989995479584
2019,YR2019,Mali,MLI,..,..,..,..,..,..,..,..,..,3.00001001358032,..
2019,YR2019,Mauritania,MRT,..,..,90.2671941351334,37.5793709898761,5.88823986461851,66.3788295981318,30.9051396196951,..,96.8550811785929,1.82317996025085,1.06356000900269
2019,YR2019,Morocco,MAR,..,..,110.072941907486,79.3440512967066,37.7212021382481,91.7139082926889,3.14722314869336,..,100,5.0032567210502,0.966050028800964
2019,YR2019,Mozambique,MOZ,..,..,117.86067127577,..,..,58.7315806521123,1.26287947037948,..,97.9569998682998,5.99969523584354,0.93352997303009
2019,YR2019,Namibia,NAM,..,..,124.155345932542,79.0125016773938,25.8966511201824,92.3813458917634,1.40767989066108,..,91.8466000644538,9.32253195522987,0.966419994831085
2019,YR2019,Niger,NER,..,..,66.7727319163256,..,4.15170730347346,61.7530800271105,40.7080731780113,..,..,3.53358621816013,0.87730997800827
2019,YR2019,Nigeria,NGA,..,..,..,..,..,..,..,..,..,0.358479005206684,1.00997877120972
2019,YR2019,Rwanda,RWA,..,..,138.020075127914,44.0779032495009,6.3142892660234,95.977301224131,1.55754734497864,..,95.0613063494234,3.23821222605582,0.979759991168976
2019,YR2019,Sao Tome and Principe,STP,87.4400024414062,95.4899978637695,..,..,..,..,..,..,..,6.10573891896978,..
2019,YR2019,Senegal,SEN,46.8300018310547,66.5,83.2568728212779,44.4624552560012,12.60825139125,60.8755832493715,24.6743507385254,..,75.3395171655543,5.03525018692017,1.14191997051239
2019,YR2019,Seychelles,SYC,..,..,119.315869786368,100.825877494838,41.2970430107527,150.456852791878,..,..,84.2767295597484,3.5588555711461,1.04867005348206
2019,YR2019,Sierra Leone,SLE,43.5800018310547,72.9899978637695,145.617495471991,61.1980781555176,..,84.7302995056702,..,..,63.6474087728853,4.65177011489868,1.02634000778198
2019,YR2019,"Somalia, Fed. Rep.",SOM,63.6579378279423,78.4077696859001,..,..,..,..,..,..,..,5.73281247182E-06,..
2019,YR2019,South Africa,ZAF,95.0199966430664,98.4100036621094,101.120463910543,103.78912033531,22.2442465104023,93.0121131588576,8.29678069336686,..,..,5.91159009933472,0.965240001678467
2019,YR2019,South Sudan,SSD,..,..,..,..,..,..,..,..,..,..,..
2019,YR2019,Sudan,SDN,..,..,72.3981094360352,43.5378608703613,..,60.1234397888184,43.8378410339355,..,58.5404815673828,..,..
2019,YR2019,Tanzania,TZA,..,..,97.6456520812412,30.1824263288684,2.85588898826608,64.7094759010993,14.3421514078772,..,..,3.59683638888648,1.02349996566772
2019,YR2019,Togo,TGO,66.5400009155273,87.8899993896484,117.747746676497,..,13.1551472123617,84.3248682319118,8.06120537943827,..,76.7094963816275,4.20164196626882,0.966359972953796
2019,YR2019,Tunisia,TUN,80.5500030517578,96.8300018310547,..,..,31.4410896301269,..,..,..,..,6.17373240410185,..
2019,YR2019,Uganda,UGA,..,..,..,..,..,..,..,..,..,2.30828081242322,..
2019,YR2019,Zambia,ZMB,..,84.0416067670309,..,..,..,..,..,..,..,4.4182401844799,..
2019,YR2019,Zimbabwe,ZWE,93.2300033569336,92.5100021362305,93.4270967154238,..,..,86.8337629717761,18.3813495635986,..,97.2520383597356,..,0.999170005321503
2019,YR2019,Benin,BEN,49,69.25,106.798400878906,..,10.3906803131103,58.9629592895508,14.4152898788452,..,71.2228927612305,2.73204741460628,0.929679989814758
2019,YR2019,Mauritius,MUS,..,..,95.423076066873,93.1354968676317,42.9878710798151,92.646611972045,4.19625564880568,..,100,4.54195022583008,1.02578997612
,,,,,,,,,,,,,,
,,,,,,,,,,,,,,
,,,,,,,,,,,,,,
Data from database: World Development Indicators,,,,,,,,,,,,,,
Last Updated: 07/13/2026,,,,,,,,,,,,,,
